sample_id,temperature_c,duration_min,good_coffee
1,185.6,10.6,0
2,158.0,17.1,0
3,156.4,16.6,1
4,197.7,9.2,0
5,196.7,22.1,0
6,174.6,18.7,0
7,213.5,14.7,1
8,155.1,22.6,0
9,165.9,10.0,0
10,239.8,11.1,0
11,220.3,14.3,1
12,156.9,9.0,0
13,224.8,15.3,1
14,214.4,15.7,1
15,237.4,19.9,0
16,213.2,16.9,1
17,230.2,12.9,1
18,163.0,15.1,0
19,166.7,16.3,1
20,223.5,21.0,1
21,246.3,13.3,0
22,215.4,17.9,1
23,242.4,24.1,0
24,223.1,9.0,0
25,221.2,24.9,0
26,181.3,14.6,0
27,152.5,15.8,0
28,162.9,9.0,0
29,164.2,12.2,0
30,245.9,9.4,0
31,210.4,23.0,0
32,245.0,12.7,0
33,189.5,23.0,0
34,166.6,11.0,0
35,175.7,16.2,0
36,178.9,8.1,0
37,190.6,17.6,1
38,226.0,16.8,1
39,224.4,8.9,0
40,235.8,22.9,0
41,193.2,14.8,1
42,219.8,9.1,0
43,173.0,10.8,0
44,155.8,8.0,0
45,161.2,14.2,1
46,246.2,18.4,0
47,177.7,13.9,0
48,163.5,22.4,0
49,201.3,16.2,1
50,161.2,13.8,0
51,241.2,10.7,1
52,254.6,17.0,0
53,209.7,8.5,0
54,257.6,22.7,0
55,178.7,14.2,0
56,234.9,17.1,1
57,186.3,11.8,1
58,258.3,22.5,0
59,240.0,20.6,0
60,206.9,14.0,0
61,153.1,12.8,0
62,226.2,24.3,0
63,253.1,24.8,0
64,190.1,11.7,1
65,171.6,11.5,0
66,249.0,22.3,0
67,221.8,21.6,0
68,222.7,23.5,0
69,232.5,16.1,1
70,236.8,13.7,0
71,256.9,14.7,0
72,254.1,20.3,0
73,164.0,10.6,0
74,238.7,10.5,0
75,257.8,19.2,0
76,210.4,10.2,1
77,256.8,19.0,0
78,252.7,15.4,0
79,240.9,11.6,0
80,182.2,12.1,0
81,178.5,15.1,0
82,250.1,14.0,0
83,214.2,23.4,0
84,250.9,16.5,0
85,207.6,8.3,0
86,170.1,8.1,0
87,169.0,16.0,0
88,211.2,13.5,1
89,211.1,21.3,0
90,211.6,12.2,1
91,234.9,16.6,1
92,233.6,23.5,0
93,217.4,16.6,1
94,226.2,15.7,1
95,202.6,24.0,0
96,246.4,24.0,0
97,211.5,24.0,0
98,165.1,10.1,0
99,158.0,12.1,0
100,223.6,21.3,0
101,167.0,20.2,0
102,165.7,23.0,0
103,174.2,24.2,0
104,203.6,24.8,0
105,167.8,15.3,0
106,187.3,11.3,1
107,229.4,8.3,0
108,198.5,8.3,0
109,218.6,16.7,1
110,258.4,21.4,0
111,161.5,12.5,1
112,235.7,12.6,0
113,196.4,23.5,0
114,178.4,10.5,0
115,212.8,19.9,1
116,156.3,19.7,0
117,158.0,24.0,0
118,238.2,9.4,0
119,157.3,22.7,0
120,187.3,17.4,1
